n_total,n_miniroundabouts,n_raining,n_dark,n_dry,n_urban,n_slight
214.0,0.004672897196261682,0.0794392523364486,0.2757009345794392,0.794392523364486,0.7710280373831776,0.7102803738317757
384.0,0.0026041666666666665,0.11979166666666667,0.2994791666666667,0.7395833333333334,0.859375,0.765625
263.0,0.0038022813688212928,0.07604562737642585,0.2661596958174905,0.7984790874524715,0.5095057034220533,0.6958174904942965
420.0,0.007142857142857143,0.06666666666666667,0.2714285714285714,0.7952380952380952,0.6428571428571429,0.7428571428571429
221.0,0.013574660633484163,0.07239819004524888,0.2669683257918552,0.7330316742081447,0.7285067873303167,0.6515837104072398
315.0,0.0,0.11746031746031746,0.26666666666666666,0.7365079365079366,0.6634920634920635,0.8158730158730159
638.0,0.0109717868338558,0.12852664576802508,0.2554858934169279,0.6912225705329154,0.6316614420062696,0.8275862068965517
575.0,0.04695652173913043,0.16869565217391305,0.2921739130434783,0.68,0.8556521739130435,0.6782608695652174
607.0,0.019769357495881382,0.14332784184514002,0.2652388797364086,0.7364085667215815,0.9637561779242174,0.6771004942339374
1344.0,0.01488095238095238,0.08333333333333333,0.29017857142857145,0.7819940476190477,0.9754464285714286,0.8013392857142857
1166.0,0.024013722126929673,0.10548885077186965,0.258147512864494,0.7041166380789022,0.30445969125214406,0.7341337907375644
663.0,0.02564102564102564,0.08446455505279035,0.26395173453996984,0.808446455505279,0.8491704374057315,0.7526395173453997
715.0,0.032167832167832165,0.0951048951048951,0.29790209790209793,0.7328671328671329,0.427972027972028,0.7566433566433567
611.0,0.014729950900163666,0.11292962356792144,0.25368248772504093,0.734860883797054,0.7119476268412439,0.8428805237315876
1006.0,0.009940357852882704,0.14612326043737575,0.268389662027833,0.672962226640159,0.9075546719681908,0.8170974155069582
908.0,0.019823788546255508,0.10352422907488987,0.34691629955947134,0.7566079295154186,0.9526431718061674,0.7786343612334802
53.0,0.03773584905660377,0.05660377358490566,0.32075471698113206,0.7735849056603774,0.11320754716981132,0.5849056603773585
1403.0,0.012116892373485389,0.12188168210976479,0.285816108339273,0.7412687099073414,0.9722024233784747,0.7704918032786885
601.0,0.016638935108153077,0.11148086522462562,0.26622296173044924,0.6572379367720466,0.3194675540765391,0.718801996672213
335.0,0.014925373134328358,0.09253731343283582,0.25970149253731345,0.6656716417910448,0.5044776119402985,0.7283582089552239
289.0,0.006920415224913495,0.10726643598615918,0.30103806228373703,0.698961937716263,0.9480968858131488,0.7197231833910035
266.0,0.011278195488721804,0.09398496240601503,0.2781954887218045,0.7744360902255639,0.6127819548872181,0.849624060150376
1682.0,0.028537455410225922,0.09869203329369798,0.3014268727705113,0.786563614744352,0.9482758620689655,0.8846611177170036
511.0,0.009784735812133072,0.136986301369863,0.22309197651663404,0.7397260273972602,0.49706457925636005,0.8414872798434442
696.0,0.015804597701149427,0.1235632183908046,0.257183908045977,0.7327586206896551,0.5833333333333334,0.8448275862068966
765.0,0.027450980392156862,0.17254901960784313,0.2849673202614379,0.6967320261437908,0.8941176470588236,0.8052287581699347
358.0,0.00558659217877095,0.11452513966480447,0.24860335195530725,0.7597765363128491,0.8770949720670391,0.7402234636871509
830.0,0.06987951807228916,0.0963855421686747,0.2674698795180723,0.7481927710843373,0.7144578313253012,0.8783132530120482
758.0,0.013192612137203167,0.12532981530343007,0.24406332453825857,0.6490765171503958,0.6385224274406333,0.787598944591029
814.0,0.02334152334152334,0.13144963144963145,0.32432432432432434,0.6670761670761671,0.9778869778869779,0.828009828009828
528.0,0.015151515151515152,0.09848484848484848,0.25946969696969696,0.7613636363636364,0.9659090909090909,0.7329545454545454
537.0,0.0186219739292365,0.10242085661080075,0.28677839851024206,0.7746741154562383,0.5381750465549349,0.74487895716946
1050.0,0.010476190476190476,0.08666666666666667,0.21142857142857144,0.8057142857142857,0.7685714285714286,0.8019047619047619
222.0,0.036036036036036036,0.0945945945945946,0.22522522522522523,0.7522522522522522,0.6846846846846847,0.7972972972972973
394.0,0.02030456852791878,0.1116751269035533,0.2512690355329949,0.7131979695431472,0.29441624365482233,0.7817258883248731
570.0,0.042105263157894736,0.08771929824561403,0.2649122807017544,0.7929824561403509,0.9526315789473684,0.8596491228070176
472.0,0.01059322033898305,0.10805084745762712,0.25,0.7860169491525424,0.8686440677966102,0.864406779661017
384.0,0.0546875,0.09375,0.2421875,0.7604166666666666,0.5572916666666666,0.7916666666666666
353.0,0.056657223796033995,0.11898016997167139,0.22946175637393768,0.7592067988668555,0.5495750708215298,0.8328611898016998
638.0,0.018808777429467086,0.08620689655172414,0.28996865203761757,0.7978056426332288,0.45141065830721006,0.8134796238244514
1227.0,0.014669926650366748,0.13039934800325997,0.29502852485737574,0.7636511817440913,0.895680521597392,0.7269763651181744
912.0,0.007675438596491228,0.08991228070175439,0.3223684210526316,0.7905701754385965,0.8673245614035088,0.7587719298245614
913.0,0.025191675794085433,0.09419496166484119,0.28696604600219056,0.7907995618838992,0.9627601314348302,0.7907995618838992
506.0,0.02766798418972332,0.10869565217391304,0.2826086956521739,0.7312252964426877,0.4150197628458498,0.6996047430830039
971.0,0.012358393408856848,0.10298661174047374,0.27394438722966014,0.6879505664263645,0.36560247167868176,0.6261585993820803
1208.0,0.004966887417218543,0.11920529801324503,0.25248344370860926,0.7061258278145696,0.4735099337748344,0.7963576158940397
1057.0,0.006622516556291391,0.10312204351939451,0.228003784295175,0.7492904446546831,0.47587511825922424,0.8240302743614002
764.0,0.009162303664921465,0.08376963350785341,0.2709424083769634,0.6714659685863874,0.2238219895287958,0.675392670157068
2012.0,0.009443339960238568,0.1595427435387674,0.22962226640159045,0.6744532803180915,0.21620278330019882,0.7375745526838966
5.0,0.0,0.0,0.2,0.8,0.0,0.8
1903.0,0.03520756699947451,0.13084603258013663,0.25538623226484497,0.7025748817656332,0.2816605359957961,0.8166053599579611
660.0,0.010606060606060607,0.11060606060606061,0.2636363636363636,0.7121212121212122,0.5712121212121212,0.7848484848484848
1108.0,0.013537906137184115,0.12093862815884476,0.2915162454873646,0.6471119133574007,0.30144404332129965,0.7743682310469314
886.0,0.009029345372460496,0.11173814898419865,0.2144469525959368,0.6794582392776524,0.3182844243792325,0.6772009029345373
1462.0,0.012995896032831737,0.11491108071135431,0.265389876880985,0.7859097127222983,0.9158686730506156,0.8283173734610123
1374.0,0.006550218340611353,0.11426491994177583,0.2430858806404658,0.7314410480349345,0.2933042212518195,0.764919941775837
1383.0,0.035430224150397684,0.10918293564714389,0.2812725958062184,0.7433116413593637,0.5046999276934201,0.7866955892986262
966.0,0.016563146997929608,0.12629399585921325,0.2939958592132505,0.7091097308488613,0.4492753623188406,0.7422360248447205
1496.0,0.01804812834224599,0.1270053475935829,0.3048128342245989,0.7012032085561497,0.5187165775401069,0.7934491978609626
427.0,0.00936768149882904,0.1522248243559719,0.29508196721311475,0.6229508196721312,0.3793911007025761,0.6955503512880562
436.0,0.006880733944954129,0.1651376146788991,0.25,0.6100917431192661,0.23623853211009174,0.6697247706422018
1129.0,0.0044286979627989375,0.13108945969884853,0.22940655447298494,0.7006200177147919,0.24977856510186006,0.7156775907883083
791.0,0.008849557522123894,0.1504424778761062,0.25410872313527183,0.6561314791403287,0.3147914032869785,0.7901390644753477
506.0,0.019762845849802372,0.10474308300395258,0.2549407114624506,0.6679841897233202,0.9466403162055336,0.7371541501976284
284.0,0.0,0.09154929577464789,0.29225352112676056,0.7183098591549296,0.09507042253521127,0.6936619718309859
283.0,0.007067137809187279,0.10954063604240283,0.26148409893992935,0.7137809187279152,0.5017667844522968,0.7491166077738516
611.0,0.008183306055646482,0.11947626841243862,0.25859247135842883,0.6824877250409165,0.2160392798690671,0.7446808510638298
561.0,0.0035650623885918,0.11229946524064172,0.27629233511586454,0.6809269162210339,0.08377896613190731,0.6720142602495544
174.0,0.005747126436781609,0.1724137931034483,0.2413793103448276,0.6609195402298851,0.1839080459770115,0.6436781609195402
76.0,0.0,0.18421052631578946,0.18421052631578946,0.6447368421052632,0.6578947368421053,0.7368421052631579
169.0,0.0,0.10650887573964497,0.28402366863905326,0.6863905325443787,0.4556213017751479,0.6627218934911243
104.0,0.009615384615384616,0.10576923076923077,0.21153846153846154,0.6923076923076923,0.3076923076923077,0.6442307692307693
111.0,0.009009009009009009,0.11711711711711711,0.3963963963963964,0.6396396396396397,0.13513513513513514,0.6576576576576577
220.0,0.0,0.1590909090909091,0.2863636363636364,0.6227272727272727,0.16818181818181818,0.6772727272727272
377.0,0.007957559681697613,0.06896551724137931,0.2493368700265252,0.7745358090185677,0.5782493368700266,0.7984084880636605
305.0,0.009836065573770493,0.10819672131147541,0.2721311475409836,0.6721311475409836,0.26885245901639343,0.8032786885245902
320.0,0.034375,0.13125,0.328125,0.684375,0.875,0.80625
421.0,0.0,0.1187648456057007,0.23990498812351543,0.6864608076009501,0.11163895486935867,0.665083135391924
345.0,0.017391304347826087,0.11014492753623188,0.3130434782608696,0.6550724637681159,0.7304347826086957,0.7797101449275362
291.0,0.006872852233676976,0.13402061855670103,0.2268041237113402,0.6941580756013745,0.35738831615120276,0.6804123711340206
309.0,0.012944983818770227,0.11974110032362459,0.3074433656957929,0.6925566343042071,0.3818770226537217,0.7152103559870551
367.0,0.013623978201634877,0.10626702997275204,0.31607629427792916,0.670299727520436,0.28337874659400547,0.8065395095367848
403.0,0.007444168734491315,0.14392059553349876,0.23076923076923078,0.7121588089330024,0.22084367245657568,0.7295285359801489
315.0,0.006349206349206349,0.10158730158730159,0.24444444444444444,0.746031746031746,0.8539682539682539,0.7206349206349206
228.0,0.0,0.11842105263157894,0.25877192982456143,0.6885964912280702,0.09210526315789473,0.75
347.0,0.002881844380403458,0.17579250720461095,0.26512968299711814,0.6397694524495677,0.23054755043227665,0.792507204610951
275.0,0.0,0.15272727272727274,0.2545454545454545,0.6545454545454545,0.07636363636363637,0.7454545454545455
373.0,0.005361930294906166,0.17962466487935658,0.2037533512064343,0.6863270777479893,0.30563002680965146,0.7613941018766756
236.0,0.0,0.19491525423728814,0.24152542372881355,0.6228813559322034,0.18220338983050846,0.7330508474576272
241.0,0.008298755186721992,0.2157676348547718,0.23236514522821577,0.5933609958506224,0.06639004149377593,0.7095435684647303
343.0,0.029154518950437316,0.1457725947521866,0.2857142857142857,0.7376093294460642,0.8658892128279884,0.7842565597667639
379.0,0.018469656992084433,0.079155672823219,0.287598944591029,0.7783641160949868,0.9313984168865436,0.7308707124010554
392.0,0.02295918367346939,0.13520408163265307,0.2755102040816326,0.7219387755102041,0.4923469387755102,0.6760204081632653
473.0,0.010570824524312896,0.12684989429175475,0.28752642706131076,0.7293868921775899,0.266384778012685,0.6659619450317125
762.0,0.013123359580052493,0.1194225721784777,0.2572178477690289,0.6732283464566929,0.2335958005249344,0.6876640419947506
419.0,0.026252983293556086,0.0954653937947494,0.30787589498806683,0.7589498806682577,0.7064439140811456,0.7303102625298329
450.0,0.024444444444444446,0.08888888888888889,0.26,0.7022222222222222,0.3244444444444444,0.6933333333333334
286.0,0.02097902097902098,0.07342657342657342,0.26573426573426573,0.7587412587412588,0.3146853146853147,0.7622377622377622
172.0,0.01744186046511628,0.06395348837209303,0.27325581395348836,0.7674418604651163,0.7965116279069767,0.6744186046511628
664.0,0.006024096385542169,0.09036144578313253,0.24849397590361447,0.7469879518072289,0.4713855421686747,0.7259036144578314
637.0,0.018838304552590265,0.08791208791208792,0.26373626373626374,0.7456828885400314,0.5965463108320251,0.7676609105180534
651.0,0.010752688172043012,0.09216589861751152,0.29339477726574503,0.7434715821812596,0.3087557603686636,0.7342549923195084
220.0,0.013636363636363636,0.12727272727272726,0.3090909090909091,0.7090909090909091,0.7272727272727273,0.75
211.0,0.014218009478672985,0.11848341232227488,0.27014218009478674,0.6824644549763034,0.13744075829383887,0.6161137440758294
187.0,0.0481283422459893,0.06417112299465241,0.28342245989304815,0.7754010695187166,0.7005347593582888,0.7379679144385026
458.0,0.024017467248908297,0.07860262008733625,0.259825327510917,0.7816593886462883,0.4170305676855895,0.6768558951965066
321.0,0.021806853582554516,0.08099688473520249,0.2866043613707165,0.7258566978193146,0.056074766355140186,0.6915887850467289
278.0,0.07913669064748201,0.09712230215827339,0.23381294964028776,0.7661870503597122,0.9532374100719424,0.7050359712230215
385.0,0.007792207792207792,0.0987012987012987,0.2805194805194805,0.6623376623376623,0.04935064935064935,0.574025974025974
266.0,0.0037593984962406013,0.13157894736842105,0.3458646616541353,0.6353383458646616,0.17669172932330826,0.6240601503759399
393.0,0.015267175572519083,0.0916030534351145,0.31297709923664124,0.7557251908396947,0.8854961832061069,0.727735368956743
335.0,0.020895522388059702,0.14925373134328357,0.2537313432835821,0.6895522388059702,0.3701492537313433,0.6656716417910448
349.0,0.011461318051575931,0.12034383954154727,0.25787965616045844,0.7249283667621776,0.28653295128939826,0.6790830945558739
559.0,0.01073345259391771,0.11091234347048301,0.24508050089445438,0.7495527728085868,0.4776386404293381,0.7692307692307693
429.0,0.016317016317016316,0.14219114219114218,0.30536130536130535,0.710955710955711,0.2517482517482518,0.7132867132867133
403.0,0.004962779156327543,0.1141439205955335,0.2704714640198511,0.7791563275434243,0.6401985111662531,0.7444168734491315
366.0,0.00546448087431694,0.12295081967213115,0.3005464480874317,0.7459016393442623,0.6912568306010929,0.7486338797814208
216.0,0.004629629629629629,0.05555555555555555,0.24537037037037038,0.8240740740740741,0.8796296296296297,0.7453703703703703
301.0,0.009966777408637873,0.132890365448505,0.2757475083056478,0.6810631229235881,0.2823920265780731,0.7275747508305648
350.0,0.02,0.10857142857142857,0.26285714285714284,0.7542857142857143,0.7457142857142857,0.7971428571428572
619.0,0.009693053311793215,0.1260096930533118,0.2665589660743134,0.7124394184168013,0.4345718901453958,0.7108239095315024
270.0,0.06296296296296296,0.1037037037037037,0.2777777777777778,0.7703703703703704,0.8333333333333334,0.7592592592592593
433.0,0.0,0.10392609699769054,0.29330254041570436,0.6836027713625866,0.2748267898383372,0.7598152424942263
559.0,0.01073345259391771,0.08407871198568873,0.29338103756708406,0.6958855098389982,0.1735241502683363,0.7280858676207513
299.0,0.033444816053511704,0.09698996655518395,0.25752508361204013,0.705685618729097,0.7591973244147158,0.8127090301003345
380.0,0.021052631578947368,0.11842105263157894,0.25,0.6947368421052632,0.5552631578947368,0.7763157894736842
497.0,0.022132796780684104,0.08249496981891348,0.2595573440643863,0.6981891348088531,0.42857142857142855,0.8048289738430584
334.0,0.020958083832335328,0.12574850299401197,0.24251497005988024,0.7155688622754491,0.47904191616766467,0.7455089820359282
275.0,0.014545454545454545,0.09090909090909091,0.22181818181818183,0.7018181818181818,0.5381818181818182,0.7781818181818182
264.0,0.003787878787878788,0.13636363636363635,0.2727272727272727,0.6212121212121212,0.9507575757575758,0.7878787878787878
565.0,0.0017699115044247787,0.12920353982300886,0.22831858407079647,0.7380530973451327,0.3734513274336283,0.7575221238938054
643.0,0.012441679626749611,0.1119751166407465,0.2737169517884914,0.7589424572317263,0.6049766718506998,0.7931570762052877
649.0,0.007704160246533128,0.11864406779661017,0.300462249614792,0.7750385208012327,0.5192604006163328,0.8489984591679507
457.0,0.002188183807439825,0.10722100656455143,0.2100656455142232,0.7680525164113785,0.47921225382932164,0.7658643326039387
422.0,0.002369668246445498,0.12322274881516587,0.2559241706161137,0.7630331753554502,0.6990521327014217,0.8483412322274881
768.0,0.00390625,0.09375,0.22526041666666666,0.77734375,0.3984375,0.8294270833333334
547.0,0.0,0.11882998171846434,0.2595978062157221,0.7294332723948812,0.2742230347349177,0.8007312614259597
428.0,0.0,0.10747663551401869,0.20794392523364486,0.7990654205607477,0.5070093457943925,0.8060747663551402
674.0,0.008902077151335312,0.1172106824925816,0.24629080118694363,0.7240356083086054,0.45845697329376855,0.7967359050445104
595.0,0.008403361344537815,0.09411764705882353,0.24369747899159663,0.7932773109243697,0.7563025210084033,0.7932773109243697
588.0,0.0017006802721088435,0.12244897959183673,0.23979591836734693,0.7465986394557823,0.37244897959183676,0.7874149659863946
493.0,0.004056795131845842,0.12981744421906694,0.2718052738336714,0.7403651115618661,0.3793103448275862,0.7525354969574036
347.0,0.020172910662824207,0.1585014409221902,0.2968299711815562,0.69164265129683,0.792507204610951,0.6974063400576369
377.0,0.029177718832891247,0.16710875331564987,0.29442970822281167,0.6763925729442971,0.4297082228116711,0.6657824933687002
323.0,0.015479876160990712,0.09907120743034056,0.2755417956656347,0.7368421052631579,0.4953560371517028,0.6625386996904025
292.0,0.0273972602739726,0.18493150684931506,0.3082191780821918,0.6815068493150684,0.660958904109589,0.6712328767123288
520.0,0.0057692307692307696,0.1519230769230769,0.27692307692307694,0.7019230769230769,0.5288461538461539,0.6307692307692307
260.0,0.023076923076923078,0.12307692307692308,0.3230769230769231,0.7192307692307692,0.6923076923076923,0.7115384615384616
696.0,0.01867816091954023,0.14511494252873564,0.3290229885057471,0.6925287356321839,0.7959770114942529,0.6652298850574713
194.0,0.010309278350515464,0.1958762886597938,0.29381443298969073,0.6494845360824743,0.211340206185567,0.6443298969072165
190.0,0.02631578947368421,0.18421052631578946,0.33157894736842103,0.6105263157894737,0.7631578947368421,0.6842105263157895
399.0,0.047619047619047616,0.14285714285714285,0.2832080200501253,0.656641604010025,0.656641604010025,0.6716791979949874
349.0,0.017191977077363897,0.1489971346704871,0.27793696275071633,0.664756446991404,0.335243553008596,0.6103151862464183
398.0,0.017587939698492462,0.12311557788944724,0.228643216080402,0.7562814070351759,0.5125628140703518,0.6080402010050251
205.0,0.014634146341463415,0.17073170731707318,0.3463414634146341,0.6146341463414634,0.526829268292683,0.7609756097560976
280.0,0.010714285714285714,0.10714285714285714,0.28214285714285714,0.7107142857142857,0.5,0.7285714285714285
208.0,0.009615384615384616,0.12980769230769232,0.3317307692307692,0.6490384615384616,0.1201923076923077,0.6442307692307693
211.0,0.004739336492890996,0.13270142180094788,0.2843601895734597,0.6777251184834123,0.36018957345971564,0.6303317535545023
128.0,0.015625,0.1875,0.3359375,0.578125,0.2578125,0.625
211.0,0.018957345971563982,0.15639810426540285,0.3033175355450237,0.6255924170616114,0.20853080568720378,0.6635071090047393
96.0,0.10416666666666667,0.10416666666666667,0.19791666666666666,0.6979166666666666,0.875,0.8020833333333334
383.0,0.018276762402088774,0.08877284595300261,0.24281984334203655,0.6997389033942559,0.4856396866840731,0.804177545691906
756.0,0.005291005291005291,0.11375661375661375,0.2804232804232804,0.705026455026455,0.21164021164021163,0.7579365079365079
366.0,0.01639344262295082,0.09836065573770492,0.2923497267759563,0.6666666666666666,0.8579234972677595,0.8387978142076503
496.0,0.004032258064516129,0.1028225806451613,0.25806451612903225,0.6814516129032258,0.14717741935483872,0.7963709677419355
359.0,0.005571030640668524,0.08356545961002786,0.2646239554317549,0.7019498607242339,0.25069637883008355,0.83008356545961
586.0,0.005119453924914676,0.13993174061433447,0.2901023890784983,0.6484641638225256,0.34982935153583616,0.7815699658703071
382.0,0.005235602094240838,0.13350785340314136,0.2879581151832461,0.675392670157068,0.12827225130890052,0.6910994764397905
416.0,0.002403846153846154,0.10336538461538461,0.2668269230769231,0.6875,0.20673076923076922,0.6875
391.0,0.0076726342710997444,0.08695652173913043,0.1815856777493606,0.7391304347826086,0.2864450127877238,0.6930946291560103
316.0,0.012658227848101266,0.11708860759493671,0.23734177215189872,0.680379746835443,0.6392405063291139,0.759493670886076
489.0,0.00408997955010225,0.12474437627811862,0.24948875255623723,0.6871165644171779,0.25153374233128833,0.6789366053169734
342.0,0.011695906432748537,0.07602339181286549,0.2573099415204678,0.7017543859649122,0.06432748538011696,0.6754385964912281
463.0,0.004319654427645789,0.11663066954643629,0.3174946004319654,0.7019438444924406,0.980561555075594,0.7624190064794817
474.0,0.002109704641350211,0.0949367088607595,0.21308016877637131,0.7067510548523207,0.17088607594936708,0.7236286919831224
75.0,0.0,0.08,0.09333333333333334,0.7333333333333333,0.17333333333333334,0.64
154.0,0.01948051948051948,0.11038961038961038,0.23376623376623376,0.6753246753246753,0.08441558441558442,0.6948051948051948
196.0,0.00510204081632653,0.09693877551020408,0.28061224489795916,0.6683673469387755,0.32653061224489793,0.826530612244898
85.0,0.023529411764705882,0.08235294117647059,0.16470588235294117,0.7176470588235294,0.058823529411764705,0.6588235294117647
110.0,0.0,0.05454545454545454,0.22727272727272727,0.7636363636363637,0.09090909090909091,0.6636363636363637
152.0,0.006578947368421052,0.09210526315789473,0.23026315789473684,0.7960526315789473,0.5197368421052632,0.8157894736842105
105.0,0.01904761904761905,0.0380952380952381,0.24761904761904763,0.7428571428571429,0.26666666666666666,0.7619047619047619
410.0,0.007317073170731708,0.0951219512195122,0.24878048780487805,0.724390243902439,0.7341463414634146,0.7463414634146341
424.0,0.01650943396226415,0.12264150943396226,0.2429245283018868,0.7169811320754716,0.3113207547169811,0.6698113207547169
271.0,0.01845018450184502,0.13284132841328414,0.2693726937269373,0.7011070110701108,0.8007380073800738,0.7084870848708487
263.0,0.0076045627376425855,0.10646387832699619,0.23193916349809887,0.7224334600760456,0.6768060836501901,0.7376425855513308
337.0,0.005934718100890208,0.13353115727002968,0.26409495548961426,0.685459940652819,0.7655786350148368,0.7804154302670623
483.0,0.012422360248447204,0.11801242236024845,0.2732919254658385,0.6645962732919255,0.2774327122153209,0.7142857142857143
320.0,0.003125,0.115625,0.284375,0.703125,0.259375,0.69375
400.0,0.0125,0.095,0.2475,0.765,0.3525,0.7125
477.0,0.023060796645702306,0.09643605870020965,0.27882599580712786,0.7861635220125787,0.949685534591195,0.7840670859538784
318.0,0.031446540880503145,0.09748427672955975,0.31761006289308175,0.720125786163522,0.23270440251572327,0.7075471698113207
313.0,0.03514376996805112,0.11501597444089456,0.23322683706070288,0.7507987220447284,0.28753993610223644,0.7188498402555911
281.0,0.03914590747330961,0.12099644128113879,0.2669039145907473,0.708185053380783,0.2277580071174377,0.6832740213523132
174.0,0.011494252873563218,0.14367816091954022,0.21839080459770116,0.6666666666666666,0.27011494252873564,0.8218390804597702
192.0,0.010416666666666666,0.11458333333333333,0.2604166666666667,0.7447916666666666,0.3854166666666667,0.734375
197.0,0.0,0.1218274111675127,0.2436548223350254,0.7411167512690355,0.24873096446700507,0.8324873096446701
122.0,0.0,0.08196721311475409,0.2540983606557377,0.6065573770491803,0.6147540983606558,0.6639344262295082
142.0,0.0,0.1056338028169014,0.2676056338028169,0.6126760563380281,0.6056338028169014,0.5985915492957746
156.0,0.0,0.10256410256410256,0.27564102564102566,0.6089743589743589,0.28846153846153844,0.6987179487179487
106.0,0.0,0.1792452830188679,0.29245283018867924,0.6509433962264151,0.5471698113207547,0.6886792452830188
211.0,0.014218009478672985,0.10900473933649289,0.2796208530805687,0.6777251184834123,0.14691943127962084,0.6540284360189573
191.0,0.0,0.10471204188481675,0.2513089005235602,0.6178010471204188,0.387434554973822,0.680628272251309
115.0,0.0,0.12173913043478261,0.23478260869565218,0.6434782608695652,0.3739130434782609,0.5565217391304348
58.0,0.0,0.13793103448275862,0.3103448275862069,0.4827586206896552,0.8620689655172413,0.6896551724137931
310.0,0.0,0.0967741935483871,0.2161290322580645,0.7258064516129032,0.2032258064516129,0.7354838709677419
418.0,0.007177033492822967,0.11244019138755981,0.2511961722488038,0.7416267942583732,0.9545454545454546,0.8110047846889952
274.0,0.0,0.08759124087591241,0.25547445255474455,0.708029197080292,0.10218978102189781,0.6605839416058394
604.0,0.026490066225165563,0.10430463576158941,0.2632450331125828,0.7417218543046358,0.7367549668874173,0.7880794701986755
285.0,0.010526315789473684,0.09824561403508772,0.3017543859649123,0.7192982456140351,0.8842105263157894,0.7684210526315789
765.0,0.00784313725490196,0.12549019607843137,0.2849673202614379,0.722875816993464,0.47058823529411764,0.6980392156862745
490.0,0.004081632653061225,0.16326530612244897,0.29591836734693877,0.6612244897959184,0.3795918367346939,0.7244897959183674
626.0,0.004792332268370607,0.12939297124600638,0.2971246006389776,0.7060702875399361,0.6549520766773163,0.7507987220447284
528.0,0.015151515151515152,0.10984848484848485,0.2727272727272727,0.7329545454545454,0.6098484848484849,0.7746212121212122
481.0,0.018711018711018712,0.10395010395010396,0.2910602910602911,0.7505197505197505,0.7858627858627859,0.7713097713097713
361.0,0.027700831024930747,0.14681440443213298,0.3157894736842105,0.703601108033241,0.5817174515235457,0.7506925207756233
498.0,0.008032128514056224,0.11646586345381527,0.3032128514056225,0.6485943775100401,0.2931726907630522,0.7590361445783133
494.0,0.012145748987854251,0.10728744939271255,0.2894736842105263,0.6781376518218624,0.43724696356275305,0.7327935222672065
391.0,0.017902813299232736,0.12020460358056266,0.29411764705882354,0.7161125319693095,0.8337595907928389,0.7621483375959079
350.0,0.005714285714285714,0.10571428571428572,0.28285714285714286,0.7342857142857143,0.08285714285714285,0.6828571428571428
348.0,0.040229885057471264,0.09195402298850575,0.2672413793103448,0.7672413793103449,0.7614942528735632,0.8017241379310345
357.0,0.011204481792717087,0.12044817927170869,0.26330532212885155,0.7142857142857143,0.4061624649859944,0.7282913165266106
418.0,0.004784688995215311,0.09808612440191387,0.2607655502392344,0.7033492822966507,0.11961722488038277,0.6866028708133971
386.0,0.015544041450777202,0.07772020725388601,0.22279792746113988,0.7746113989637305,0.5310880829015544,0.7953367875647669
272.0,0.011029411764705883,0.08455882352941177,0.2977941176470588,0.7610294117647058,0.7941176470588235,0.7389705882352942
605.0,0.04132231404958678,0.12727272727272726,0.2578512396694215,0.7206611570247934,0.4991735537190083,0.7355371900826446
663.0,0.012066365007541479,0.10256410256410256,0.27149321266968324,0.7104072398190046,0.27149321266968324,0.7360482654600302
522.0,0.01532567049808429,0.16666666666666666,0.31417624521072796,0.6743295019157088,0.8314176245210728,0.7528735632183908
589.0,0.010186757215619695,0.13412563667232597,0.2835314091680815,0.6706281833616299,0.17826825127334464,0.7096774193548387
557.0,0.03052064631956912,0.1526032315978456,0.3231597845601436,0.6642728904847397,0.43447037701974867,0.7324955116696589
428.0,0.035046728971962614,0.10981308411214953,0.25,0.7313084112149533,0.9299065420560748,0.7757009345794392
313.0,0.009584664536741214,0.10223642172523961,0.3450479233226837,0.7060702875399361,0.40894568690095845,0.7348242811501597
235.0,0.00851063829787234,0.1148936170212766,0.28085106382978725,0.6212765957446809,0.23829787234042554,0.6893617021276596
149.0,0.0,0.08053691275167785,0.28187919463087246,0.6912751677852349,0.6711409395973155,0.7718120805369127
176.0,0.028409090909090908,0.07954545454545454,0.2215909090909091,0.7784090909090909,0.8238636363636364,0.7840909090909091
310.0,0.0,0.1,0.22580645161290322,0.6806451612903226,0.2032258064516129,0.632258064516129
224.0,0.004464285714285714,0.10267857142857142,0.24107142857142858,0.6875,0.5803571428571429,0.6785714285714286
570.0,0.021052631578947368,0.11578947368421053,0.2982456140350877,0.6719298245614035,0.4473684210526316,0.8052631578947368
356.0,0.025280898876404494,0.1348314606741573,0.2808988764044944,0.6713483146067416,0.5589887640449438,0.7752808988764045
376.0,0.007978723404255319,0.1276595744680851,0.22606382978723405,0.675531914893617,0.3962765957446808,0.7925531914893617
242.0,0.024793388429752067,0.11570247933884298,0.2066115702479339,0.6900826446280992,0.7727272727272727,0.8347107438016529
656.0,0.004573170731707317,0.09908536585365854,0.2225609756097561,0.711890243902439,0.4527439024390244,0.7454268292682927
435.0,0.011494252873563218,0.10114942528735632,0.296551724137931,0.6896551724137931,0.31724137931034485,0.7195402298850575
176.0,0.017045454545454544,0.07954545454545454,0.14772727272727273,0.75,0.4659090909090909,0.8806818181818182
609.0,0.003284072249589491,0.13628899835796388,0.2561576354679803,0.6995073891625616,0.8587848932676518,0.7274220032840722
357.0,0.022408963585434174,0.12885154061624648,0.2661064425770308,0.6134453781512605,0.8571428571428571,0.7142857142857143
1339.0,0.0022404779686333084,0.13592233009708737,0.34204630321135177,0.6654219566840927,0.9843166542195668,0.7408513816280806
406.0,0.009852216748768473,0.14532019704433496,0.2561576354679803,0.6970443349753694,0.9187192118226601,0.7093596059113301
391.0,0.005115089514066497,0.1432225063938619,0.33248081841432225,0.6777493606138107,0.8414322250639387,0.6854219948849105
543.0,0.0,0.15101289134438306,0.2983425414364641,0.6721915285451197,0.85451197053407,0.7329650092081031
429.0,0.004662004662004662,0.1585081585081585,0.2517482517482518,0.6363636363636364,0.8484848484848485,0.7156177156177156
421.0,0.0023752969121140144,0.14014251781472684,0.3182897862232779,0.684085510688836,0.9524940617577197,0.7030878859857482
379.0,0.0158311345646438,0.13192612137203166,0.2559366754617414,0.7097625329815304,0.9023746701846965,0.683377308707124
460.0,0.01956521739130435,0.14130434782608695,0.3130434782608696,0.6804347826086956,0.8434782608695652,0.691304347826087
443.0,0.0,0.13769751693002258,0.26636568848758463,0.7042889390519187,0.7336343115124153,0.8036117381489842
1912.0,0.002615062761506276,0.125,0.28451882845188287,0.752092050209205,0.9879707112970711,0.7986401673640168
461.0,0.010845986984815618,0.10629067245119306,0.25379609544468545,0.7396963123644251,0.7396963123644251,0.7787418655097614
743.0,0.010767160161507403,0.09959623149394348,0.22611036339165544,0.7510094212651414,0.8223418573351279,0.7954239569313594
838.0,0.003579952267303103,0.11933174224343675,0.24463007159904535,0.7446300715990454,0.8412887828162291,0.7589498806682577
682.0,0.004398826979472141,0.13929618768328444,0.31085043988269795,0.6979472140762464,0.6026392961876833,0.626099706744868
1112.0,0.002697841726618705,0.12050359712230216,0.2814748201438849,0.7302158273381295,0.6106115107913669,0.6600719424460432
845.0,0.011834319526627219,0.15384615384615385,0.3337278106508876,0.6579881656804734,0.6449704142011834,0.663905325443787
1586.0,0.004413619167717529,0.15384615384615385,0.3467843631778058,0.6954602774274905,0.9003783102143758,0.6595208070617906
902.0,0.007760532150776054,0.09866962305986696,0.2771618625277162,0.7261640798226164,0.9146341463414634,0.8037694013303769
454.0,0.006607929515418502,0.10352422907488987,0.2356828193832599,0.7466960352422908,0.7334801762114538,0.7907488986784141
303.0,0.0,0.052805280528052806,0.19141914191419143,0.7920792079207921,0.8481848184818482,0.7953795379537953
646.0,0.0030959752321981426,0.11764705882352941,0.2786377708978328,0.7229102167182663,0.7956656346749226,0.7770897832817337
4582.0,0.03142732431252728,0.11086861632474902,0.33697075512876473,0.7701876909646442,0.9836316019205588,0.8136185072020952
803.0,0.0186799501867995,0.09838107098381071,0.28268991282689915,0.7783312577833126,0.9053549190535491,0.7833125778331258
831.0,0.015643802647412757,0.1407942238267148,0.30685920577617326,0.7063778580024067,0.9675090252707581,0.7713598074608905
1162.0,0.019793459552495698,0.12736660929432014,0.3037865748709122,0.7564543889845095,0.9440619621342513,0.7994836488812392
542.0,0.01845018450184502,0.13284132841328414,0.25461254612546125,0.7380073800738007,0.6715867158671587,0.7638376383763837
809.0,0.02595797280593325,0.08776266996291718,0.29913473423980225,0.7725587144622992,0.8640296662546354,0.8071693448702101
902.0,0.02106430155210643,0.10421286031042129,0.3048780487804878,0.7560975609756098,0.9844789356984479,0.8259423503325942
2118.0,0.014636449480642116,0.15722379603399433,0.3333333333333333,0.6746931067044382,0.8895184135977338,0.7181303116147308
760.0,0.021052631578947368,0.18947368421052632,0.3368421052631579,0.6513157894736842,0.7052631578947368,0.6868421052631579
1455.0,0.010996563573883162,0.14982817869415807,0.3099656357388316,0.6810996563573883,0.8006872852233677,0.7134020618556701
3049.0,0.012463102656608724,0.12922269596589045,0.3050180387012135,0.7008855362413906,0.831420137750082,0.690062315513283
1262.0,0.015055467511885896,0.1347068145800317,0.3050713153724247,0.7068145800316957,0.6489698890649762,0.7155309033280507
583.0,0.00686106346483705,0.10120068610634649,0.2607204116638079,0.6981132075471698,0.7684391080617495,0.7821612349914236
349.0,0.0,0.0830945558739255,0.32951289398280803,0.839541547277937,0.9799426934097422,0.7020057306590258
920.0,0.025,0.10108695652173913,0.33369565217391306,0.7543478260869565,0.9739130434782609,0.8706521739130435
1725.0,0.019130434782608695,0.10434782608695652,0.28695652173913044,0.744927536231884,0.976231884057971,0.8371014492753623
807.0,0.03345724907063197,0.12391573729863693,0.31226765799256506,0.734820322180917,0.9355638166047088,0.8339529120198265
1866.0,0.010182207931404072,0.09539121114683816,0.3242229367631297,0.7272240085744909,1.0,0.8794212218649518
1232.0,0.0349025974025974,0.11201298701298701,0.28733766233766234,0.7443181818181818,0.911525974025974,0.8238636363636364
1479.0,0.001352265043948614,0.09127789046653144,0.32792427315753886,0.762001352265044,1.0,0.8553076402974983
2025.0,0.018765432098765432,0.11012345679012346,0.32641975308641974,0.7007407407407408,0.988641975308642,0.8434567901234568
1760.0,0.02784090909090909,0.12443181818181819,0.33238636363636365,0.7460227272727272,1.0,0.8744318181818181
1941.0,0.0190623390005152,0.10252447192168986,0.3173621844410098,0.7506439979392066,0.9356002060793406,0.8923235445646573
1223.0,0.013900245298446443,0.09566639411283728,0.3221586263286999,0.7661488143908421,0.9730171708912511,0.8356500408830744
1563.0,0.005118362124120281,0.1036468330134357,0.34804862444017914,0.7671145233525272,0.9884836852207294,0.8285348688419706
1147.0,0.02702702702702703,0.10985178727114212,0.3007846556233653,0.7288578901482128,0.993025283347864,0.8108108108108109
1861.0,0.015583019881783988,0.10478237506716818,0.32993014508328855,0.7259537882858678,0.9935518538420204,0.8812466415905427
825.0,0.019393939393939394,0.10666666666666667,0.3212121212121212,0.7272727272727273,0.9975757575757576,0.8618181818181818
1030.0,0.02233009708737864,0.10776699029126213,0.3058252427184466,0.7436893203883496,0.7980582524271844,0.8621359223300971
1318.0,0.02959028831562974,0.11836115326251896,0.3232169954476479,0.7602427921092565,0.9339908952959028,0.8399089529590288
1427.0,0.027330063069376315,0.11002102312543798,0.2964260686755431,0.759635599159075,0.9761737911702874,0.8163980378416258
1221.0,0.005733005733005733,0.10974610974610975,0.3226863226863227,0.7526617526617526,1.0,0.8370188370188371
1250.0,0.0208,0.096,0.2928,0.7384,0.9792,0.8112
599.0,0.02337228714524207,0.10851419031719532,0.24040066777963273,0.7178631051752922,0.9782971619365609,0.8096828046744574
2211.0,0.005879692446856626,0.10492989597467209,0.3441881501582994,0.7648123021257349,0.994572591587517,0.8141112618724559
1554.0,0.023809523809523808,0.10810810810810811,0.30244530244530243,0.7522522522522522,1.0,0.8616473616473617
844.0,0.016587677725118485,0.0995260663507109,0.254739336492891,0.7606635071090048,1.0,0.7997630331753555
1695.0,0.014749262536873156,0.1056047197640118,0.34690265486725663,0.7793510324483776,0.9221238938053097,0.8696165191740413
1308.0,0.027522935779816515,0.11009174311926606,0.327217125382263,0.7637614678899083,0.8899082568807339,0.8562691131498471
776.0,0.024484536082474227,0.10051546391752578,0.22938144329896906,0.7719072164948454,0.8414948453608248,0.7448453608247423
2052.0,0.008771929824561403,0.09551656920077972,0.32407407407407407,0.7748538011695907,0.9961013645224172,0.8235867446393762
749.0,0.04138851802403204,0.12416555407209613,0.2803738317757009,0.7222963951935915,1.0,0.822429906542056
2038.0,0.01521099116781158,0.09519136408243375,0.366045142296369,0.7831207065750736,0.9901864573110893,0.8439646712463199
1068.0,0.020599250936329586,0.10393258426966293,0.3136704119850187,0.7556179775280899,0.9391385767790262,0.8773408239700374
1993.0,0.01806322127446061,0.10637230306071249,0.2965378825890617,0.7345709984947315,0.9904666332162569,0.8319116909182137
2516.0,0.006359300476947536,0.11248012718600954,0.34737678855325915,0.7798092209856916,0.9888712241653418,0.7957074721780604
44.0,0.045454545454545456,0.1590909090909091,0.38636363636363635,0.7272727272727273,0.6590909090909091,0.8863636363636364
47.0,0.02127659574468085,0.1276595744680851,0.3191489361702128,0.7021276595744681,0.574468085106383,0.48936170212765956
377.0,0.007957559681697613,0.15119363395225463,0.3050397877984085,0.6816976127320955,0.20689655172413793,0.6127320954907162
191.0,0.010471204188481676,0.2094240837696335,0.3089005235602094,0.5602094240837696,0.39267015706806285,0.5130890052356021
186.0,0.0,0.0913978494623656,0.25806451612903225,0.7419354838709677,0.3870967741935484,0.5913978494623656
125.0,0.008,0.176,0.208,0.632,0.672,0.648
23.0,0.0,0.391304347826087,0.30434782608695654,0.43478260869565216,0.043478260869565216,0.6086956521739131
199.0,0.020100502512562814,0.21105527638190955,0.2613065326633166,0.5628140703517588,0.6331658291457286,0.5678391959798995
465.0,0.0,0.16344086021505377,0.22795698924731184,0.5870967741935483,0.13548387096774195,0.4150537634408602
66.0,0.0,0.25757575757575757,0.22727272727272727,0.5909090909090909,0.7878787878787878,0.42424242424242425
185.0,0.010810810810810811,0.0972972972972973,0.23243243243243245,0.6756756756756757,0.43243243243243246,0.6108108108108108
74.0,0.0,0.08108108108108109,0.22972972972972974,0.7432432432432432,0.25675675675675674,0.4189189189189189
193.0,0.02072538860103627,0.16062176165803108,0.29015544041450775,0.616580310880829,0.6217616580310881,0.533678756476684
21.0,0.0,0.3333333333333333,0.5714285714285714,0.5714285714285714,0.047619047619047616,0.42857142857142855
201.0,0.004975124378109453,0.15920398009950248,0.23383084577114427,0.5472636815920398,0.13930348258706468,0.4427860696517413
24.0,0.0,0.20833333333333334,0.4166666666666667,0.5,0.16666666666666666,0.4583333333333333
137.0,0.014598540145985401,0.10948905109489052,0.20437956204379562,0.6934306569343066,0.39416058394160586,0.46715328467153283
479.0,0.008350730688935281,0.18580375782881003,0.26931106471816285,0.592901878914405,0.5824634655532359,0.5782881002087683
178.0,0.016853932584269662,0.21348314606741572,0.23595505617977527,0.651685393258427,0.24719101123595505,0.5617977528089888
158.0,0.0,0.189873417721519,0.3291139240506329,0.6582278481012658,0.810126582278481,0.5126582278481012
286.0,0.0,0.13986013986013987,0.23076923076923078,0.6293706293706294,0.15734265734265734,0.4020979020979021
183.0,0.00546448087431694,0.23497267759562843,0.17486338797814208,0.5683060109289617,0.16393442622950818,0.4426229508196721
957.0,0.01044932079414838,0.11285266457680251,0.25287356321839083,0.7272727272727273,0.8923719958202717,0.6927899686520376
231.0,0.008658008658008658,0.24675324675324675,0.3722943722943723,0.5541125541125541,0.7142857142857143,0.5541125541125541
94.0,0.02127659574468085,0.22340425531914893,0.3404255319148936,0.5957446808510638,0.7872340425531915,0.5425531914893617
315.0,0.012698412698412698,0.1492063492063492,0.23492063492063492,0.6126984126984127,0.5587301587301587,0.6666666666666666
198.0,0.015151515151515152,0.09595959595959595,0.2777777777777778,0.6363636363636364,0.3434343434343434,0.5606060606060606
274.0,0.0072992700729927005,0.10948905109489052,0.3175182481751825,0.6788321167883211,0.9562043795620438,0.6897810218978102
66.0,0.015151515151515152,0.21212121212121213,0.2878787878787879,0.6363636363636364,0.6060606060606061,0.5151515151515151
494.0,0.022267206477732792,0.145748987854251,0.25303643724696356,0.6275303643724697,0.45951417004048584,0.6174089068825911
296.0,0.016891891891891893,0.15878378378378377,0.21621621621621623,0.6891891891891891,0.21621621621621623,0.5168918918918919
1173.0,0.005115089514066497,0.1969309462915601,0.32651321398124467,0.6470588235294118,0.969309462915601,0.629156010230179
461.0,0.010845986984815618,0.17787418655097614,0.2928416485900217,0.6377440347071583,0.7700650759219089,0.6420824295010846
107.0,0.0,0.07476635514018691,0.2523364485981308,0.7383177570093458,0.09345794392523364,0.7009345794392523
310.0,0.0064516129032258064,0.1,0.2129032258064516,0.7548387096774194,0.1032258064516129,0.6
260.0,0.007692307692307693,0.1423076923076923,0.25384615384615383,0.7115384615384616,0.4346153846153846,0.6423076923076924
273.0,0.01098901098901099,0.10256410256410256,0.1794871794871795,0.7289377289377289,0.37362637362637363,0.6703296703296703
346.0,0.0,0.10982658959537572,0.23121387283236994,0.7052023121387283,0.41329479768786126,0.7052023121387283
283.0,0.007067137809187279,0.09187279151943463,0.24734982332155478,0.7279151943462897,0.45229681978798586,0.7067137809187279
306.0,0.013071895424836602,0.1895424836601307,0.26143790849673204,0.5947712418300654,0.11764705882352941,0.6568627450980392
424.0,0.01650943396226415,0.14150943396226415,0.2641509433962264,0.6556603773584906,0.14150943396226415,0.6933962264150944
619.0,0.011308562197092083,0.21163166397415187,0.2778675282714055,0.5735056542810986,0.2617124394184168,0.691437802907916
302.0,0.016556291390728478,0.15562913907284767,0.31125827814569534,0.7417218543046358,0.7218543046357616,0.804635761589404
175.0,0.005714285714285714,0.22857142857142856,0.26857142857142857,0.68,0.44,0.8
185.0,0.0,0.12972972972972974,0.2918918918918919,0.7351351351351352,0.44324324324324327,0.8540540540540541
198.0,0.0,0.1414141414141414,0.2676767676767677,0.7121212121212122,0.5252525252525253,0.8131313131313131
568.0,0.014084507042253521,0.14964788732394366,0.3204225352112676,0.7411971830985915,0.8080985915492958,0.8573943661971831
382.0,0.01832460732984293,0.21465968586387435,0.306282722513089,0.6518324607329843,0.5052356020942408,0.806282722513089
301.0,0.009966777408637873,0.1461794019933555,0.29900332225913623,0.7242524916943521,0.5681063122923588,0.6644518272425249
108.0,0.009259259259259259,0.12962962962962962,0.3333333333333333,0.6759259259259259,0.6666666666666666,0.7129629629629629
162.0,0.006172839506172839,0.17901234567901234,0.32098765432098764,0.7098765432098766,0.654320987654321,0.7160493827160493
191.0,0.005235602094240838,0.18324607329842932,0.2774869109947644,0.6910994764397905,0.24083769633507854,0.6492146596858639
327.0,0.0061162079510703364,0.15902140672782875,0.3119266055045872,0.7217125382262997,0.7125382262996942,0.7064220183486238
654.0,0.0015290519877675841,0.16666666666666666,0.23700305810397554,0.6116207951070336,0.05504587155963303,0.6345565749235474
89.0,0.011235955056179775,0.2696629213483146,0.3146067415730337,0.5730337078651685,0.42696629213483145,0.8426966292134831
